<?xml version="1.0" encoding="UTF-8" standalone="no"?>
<feature id="org.wso2.carbon.apimgt.store" label="WSO2 Carbon - API Store Feature" provider-name="%providerName" version="1.2.0">
  <description>This feature contains the core bundles required for API management back end</description>
  <copyright>%copyright</copyright>
  <license url="%licenseURL">%license</license>
  <plugin id="org.wso2.carbon.apimgt.keymgt.client" unpack="false" version="1.2.0"/>
  <plugin id="org.wso2.carbon.apimgt.api" unpack="false" version="1.2.0"/>
  <plugin id="org.wso2.carbon.apimgt.impl" unpack="false" version="1.2.0"/>
  <plugin id="org.wso2.carbon.apimgt.hostobjects" unpack="false" version="1.2.0"/>
  <plugin id="org.wso2.carbon.apimgt.handlers.security.stub" unpack="false" version="4.2.0"/>
  <require>
    <import match="equivalent" plugin="org.wso2.carbon.hostobjects.sso" version="4.2.0"/>
    <import feature="org.wso2.carbon.registry.core" match="equivalent" version="4.2.0"/>
    <import feature="org.wso2.carbon.identity.self.registration.server" match="equivalent" version="4.2.0"/>
    <import feature="org.wso2.carbon.core.server" match="equivalent" version="4.2.0"/>
  </require>
</feature>
