<?xml version="1.0" encoding="UTF-8" standalone="no"?>
<feature id="org.wso2.carbon.apimgt.gateway" label="WSO2 Carbon - Api management Gateway Feature" provider-name="%providerName" version="1.2.0">
  <description>This feature contains the core bundles required for API management Gateway</description>
  <copyright>%copyright</copyright>
  <license url="%licenseURL">%license</license>
  <plugin id="org.wso2.carbon.apimgt.gateway" unpack="false" version="1.2.0"/>
  <plugin id="org.wso2.carbon.apimgt.impl" unpack="false" version="1.2.0"/>
  <plugin id="org.wso2.carbon.apimgt.keymgt.stub" unpack="false" version="4.2.1"/>
  <plugin id="org.wso2.carbon.apimgt.handlers.security.stub" unpack="false" version="4.2.0"/>
  <require>
    <import feature="org.wso2.carbon.mediation.initializer" match="equivalent" version="4.2.0"/>
    <import feature="org.apache.synapse.wso2" match="equivalent" version="2.1.1.wso2v8"/>
  </require>
</feature>
